pc1,pc2,cluster
6.018325,-9.587447,3
11.936139,-6.8177733,1
-21.111515,3.9289694,5
15.10314,16.106253,4
22.08732,4.6752634,4
-9.018995,6.753565,7
-11.462132,0.4389816,5
9.521254,0.9499291,1
-2.4502177,4.6283154,0
-9.584582,-0.9574969,5
11.515851,6.5614266,4
-5.4081864,-5.4147577,2
-17.194748,-5.55779,5
10.072054,-0.96747017,1
-5.7803144,2.5141377,0
4.3146105,4.8434253,0
-14.295742,0.5890423,5
7.333619,12.883328,4
14.543486,-0.4893687,1
-6.222499,3.9593236,0
10.609824,-8.752424,1
4.0161877,-9.386122,3
-5.0486026,2.3810995,0
0.18475191,-13.551313,3
5.613622,-8.896493,3
-8.153864,-5.855606,2
7.875965,19.627289,6
-17.666523,14.364941,7
-15.798712,-6.3594546,5
14.914481,18.246317,4
7.4881587,-2.2095864,1
-2.701874,21.14026,6
16.966055,14.920127,4
4.1251726,-6.096418,3
-0.95042604,4.6593337,0
18.531036,12.752813,4
15.417979,-9.172333,1
-9.400505,-3.3138785,5
3.6889174,6.4197497,0
-5.84834,8.336578,0
6.6837864,-9.605802,3
-20.144024,2.1456258,5
11.339571,10.4164915,4
-10.147559,3.22612,5
-22.014639,-7.8719134,5
11.727171,10.006121,4
-5.811254,-4.42707,2
3.74402,-5.4310575,3
18.372936,-3.9821348,1
9.900048,13.395513,4
6.681328,4.595748,0
20.998302,13.167355,4
-19.639837,-13.824782,2
1.2131774,-17.606281,3
4.746409,-7.874921,3
-22.880981,15.649362,7
-10.40929,-2.9350777,5
10.870048,7.534407,4
14.961271,13.498872,4
14.78303,-15.967013,1
9.548963,7.166661,4
-8.776565,-5.419064,2
4.596645,-10.416691,3
-5.110044,9.021046,0
-9.542764,-7.1050167,2
2.8319151,19.925142,6
7.5238667,16.693,6
-2.9248679,10.445389,0
10.66475,-4.5012794,1
-14.788572,-19.445463,2
-20.252356,5.5365944,7
2.2439573,-3.6308973,0
-4.1656723,5.318554,0
13.680424,19.86968,4
6.8859367,7.3003335,0
-9.569617,1.750623,5
-11.775414,-0.70038944,5
-8.383225,-5.358397,2
8.645786,18.547049,6
-3.7353365,10.545255,0
-2.6540391,10.632157,0
-13.563137,-13.403348,2
14.4016075,4.3913026,4
-0.28400403,21.520142,6
8.975707,6.130931,4
-6.7323008,4.0256977,0
0.04586447,-9.296829,3
-3.6023004,-1.4131703,0
9.257189,-9.180488,1
4.2179227,-10.163796,3
-0.14524671,6.1843004,0
-17.464815,1.699511,5
-3.3982027,-12.249261,3
-0.14600919,-8.23844,3
9.326877,-0.10816958,1
8.772562,-11.119054,3
-5.6735744,-1.7477913,5
-18.854385,0.6509025,5
4.617,-15.947074,3
-16.145153,-7.3073215,5
-18.926523,15.840289,7
2.2418406,-18.36732,3
9.078968,4.5989614,4
-6.7893085,-8.929521,2
4.738353,9.93528,0
-17.768635,1.7129959,5
-1.9407879,-10.4223795,3
12.898569,16.344856,4
7.3240595,2.5913966,0
-2.2168167,-13.437045,3
-0.51457953,11.399265,0
-2.0973167,-15.348604,3
-1.3763328,22.00181,6
-0.86814904,7.2517443,0
3.3560557,-3.6439488,3
-15.533023,4.8724585,7
12.481032,-4.011734,1
8.322344,-8.355393,1
16.356937,-8.537682,1
10.036115,-10.277329,1
-16.962675,-4.7583046,5
-19.421267,8.871785,7
12.375538,-16.077059,3
-7.304569,-1.3593557,5
3.7906082,-2.0617042,0
9.535778,11.509948,4
-8.064343,11.06491,7
0.7229058,-8.229503,3
-10.034568,5.906949,7
4.246504,-15.654925,3
-12.799767,-5.2841463,5
-12.291253,-8.223211,2
1.234479,-11.045126,3
6.63795,-11.028618,3
1.0094242,-10.5521555,3
-20.85602,8.562022,7
13.640025,-0.8822002,1
-9.856385,-0.5136788,5
8.566675,13.793147,4
0.6116704,31.189665,6
19.5908,8.140484,4
-20.388105,14.586285,7
4.173397,-4.7166057,3
-18.544123,-3.53654,5
-7.5978904,5.7749505,7
-19.081244,7.3121624,7
4.4530773,-5.08002,3
6.5360646,-3.8644834,1
14.47179,-4.1406827,1
-6.529811,5.443652,0
-0.9500201,-1.2718651,0
11.366267,-3.2967656,1
-9.298399,12.910907,7
-20.690939,21.933086,7
10.139889,-5.8977494,1
0.3349222,-12.839467,3
1.7271451,-10.799141,3
18.511541,0.34417316,1
2.1101232,-5.9912033,3
6.780999,-6.533399,1
7.3047514,-10.560318,3
-0.045634873,-6.3853545,3
5.6228113,-12.904042,3
12.18168,6.8187213,4
5.8057423,-6.2744174,3
13.098343,-9.335848,1
-1.1763166,11.961524,0
-15.339731,-2.5776231,5
4.3938465,-3.7860672,1
-9.962885,3.3079407,5
9.18639,-4.8131104,1
16.997772,-8.124087,1
-23.990173,1.881064,5
8.725632,-7.734764,1
15.243313,8.301659,4
-7.8861594,4.414452,5
0.44132075,-7.627793,3
-14.415787,-3.627304,5
-7.6093698,-0.53485036,5
-3.052368,-13.185339,3
17.77824,-5.8017154,1
-5.042256,-4.844194,2
12.761484,4.348301,4
23.532166,18.56933,4
19.572617,9.65584,4
7.257839,-6.7608995,1
0.7368935,1.3844413,0
1.2379243,-23.05954,3
11.594981,0.23234318,1
8.646146,19.252615,6
1.1608009,-6.904367,3
-19.239252,-14.184754,2
16.266037,4.538839,4
1.9773414,29.634293,6
4.1675444,-10.032429,3
16.181046,0.31466985,1
-7.1371126,-1.4144588,5
10.751362,-6.8431816,1
-20.31834,9.493025,7
12.687542,-1.98278,1
4.5866823,3.7359982,0
7.4927297,15.050924,4
0.79999053,-22.532042,3
-11.611307,25.842724,6
5.387855,-6.3335857,3
6.156444,12.2624655,4
-9.376138,3.7951062,5
10.755943,0.836563,1
-10.091913,-8.356121,2
-1.4131658,-11.274451,3
6.282718,-11.929293,3
5.293092,-8.017168,3
1.7906749,13.674408,6
15.0724325,-7.7178917,1
2.9710488,-13.865023,3
12.166351,9.907068,4
18.272036,-0.86940527,1
-10.253402,2.993408,5
-14.59357,5.242437,7
6.2345366,5.194852,0
-14.6224,-3.01362,5
1.3630898,6.6821833,0
-18.254862,22.61456,7
1.1817362,19.846935,6
-5.82307,6.565732,0
-2.6037579,-14.641059,3
-12.220537,-9.96192,2
-11.893116,-2.0947258,5
0.69245094,5.004939,0
9.468955,-8.130377,1
3.9088666,-7.3888187,3
14.977235,-6.7301307,1
0.26479727,-1.9172677,0
13.474435,-4.136505,1
-5.320957,9.52001,0
-4.4255238,20.94247,6
-10.107986,12.629569,7
9.06036,-17.209751,3
8.949954,-7.5647383,1
-1.4874558,-14.562211,3
14.410321,-4.6683145,1
-5.69587,-13.806482,2
-9.492596,11.349217,7
-14.932386,21.038443,7
18.54963,4.9064655,4
8.568437,4.2939315,0
11.614177,11.282504,4
8.19208,21.82665,6
12.998701,11.218877,4
-22.387087,-6.3087697,5
8.465238,6.507618,4
-6.2098475,-7.3425446,2
5.736045,15.517245,6
9.233122,21.182133,6
7.5609202,2.5131874,0
-20.28178,9.089893,7
16.120832,25.63965,4
0.9957328,13.446548,6
-12.405998,-5.063645,5
-4.414834,-11.097092,2
-4.878828,-9.050983,2
13.564963,0.91112775,1
-5.320963,-21.852764,2
16.373873,-0.8996663,1
1.1216338,-15.507359,3
4.867546,-9.060589,3
22.834381,17.543804,4
0.40249726,4.47318,0
-6.187137,4.276735,0
8.948397,27.61704,6
-23.3747,12.366482,7
-6.642865,7.5394087,0
13.586793,-6.386199,1
9.023012,3.1413715,0
0.08355497,-5.02937,3
18.229422,5.112998,4
-6.8782573,-9.882592,2
7.3617063,12.9064665,4
-15.772184,21.624771,7
-24.150045,-0.41574833,5
-10.524877,-0.89169455,5
11.2643175,2.6145282,1
1.4411236,1.2247547,0
5.625899,3.9500365,0
8.099506,2.8650165,0
4.7790713,14.442259,6
-3.9601417,6.3631945,0
-14.191806,20.22761,7
13.124515,-6.3160315,1
3.0969014,-7.958309,3
17.929762,-6.359877,1
14.73531,19.224657,4
-21.842247,4.7765274,7
9.540093,-9.75814,1
10.811877,7.8248324,4
-12.471581,1.3438331,5
8.723864,22.673227,6
-11.586543,-10.267457,2
-3.4072618,6.317116,0
3.8990505,8.081057,0
15.6216955,0.047189195,1
18.176546,0.10544921,1
-11.591961,0.10861356,5
-14.490415,-0.09973683,5
4.6901145,-1.603708,0
-6.497199,-1.3438454,5
2.8651595,12.064418,0
12.521512,-14.399723,1
7.706915,-8.898265,3
-21.578781,4.32896,5
-3.5891392,-4.569195,2
3.7524683,-10.966563,3
19.206223,-14.882649,1
15.070191,13.860191,4
4.473133,-20.656971,3
24.395767,7.2215214,4
3.6961312,-7.0502706,3
-12.071172,-5.3327346,5
6.459164,9.714852,4
16.133226,-5.0043507,1
-5.7780085,-7.011229,2
-17.370111,-10.054553,2
4.2794085,-1.9692302,0
-14.926179,-5.19351,5
0.27963853,5.3154726,0
14.260925,2.5750105,1
3.5724964,19.891895,6
-8.016605,-4.7047944,2
15.157168,6.3738,4
10.924646,5.969484,4
-12.461853,2.2252908,5
11.2535925,-18.925516,3
-7.416541,-13.993678,2
10.932662,5.1868486,4
-12.461623,-11.631242,2
-10.185654,-5.050728,5
6.007216,-4.120443,1
12.186492,4.8016987,4
14.256416,4.311362,4
3.7082033,-5.609853,3
6.121786,-8.349713,3
12.892201,14.173342,4
4.605673,-0.34491545,0
2.8790383,-14.921983,3
-4.1524053,5.2454987,0
8.9664135,8.842514,4
7.854114,19.704414,6
-14.228942,13.204736,7
-4.9129686,24.21701,6
-5.7577677,-5.577927,2
-12.677037,3.2083979,5
-21.818102,20.100502,7
11.986364,-3.5005264,1
-15.296091,9.600553,7
-7.611275,10.040255,7
-16.664467,28.834742,7
-4.8034763,3.2133162,0
-15.507702,8.820383,7
-2.392069,7.0778046,0
0.8118576,-8.943921,3
7.245425,-14.850264,3
5.934686,-16.331656,3
7.379065,1.8184384,0
0.74259907,-12.829815,3
-14.476387,4.3545794,5
1.2626591,15.866164,6
-14.54528,4.7051435,5
7.864144,0.06133019,1
-18.48037,-14.5303335,2
1.3386612,34.376743,6
-17.302078,2.2302592,5
16.593348,8.448108,4
-3.2130404,20.098385,6
-11.662769,9.137661,7
4.292842,-11.763968,3
-4.824768,-14.158099,2
5.0887,-3.2555573,1
-6.368644,5.2865953,0
-4.1035314,5.784438,0
0.33065665,14.753009,6
-14.32229,-6.004281,5
-4.120346,-15.763622,2
-16.250658,-9.771635,2
12.600279,-6.818748,1
20.387316,4.2748456,4
7.834599,-13.196181,3
8.212226,-6.4481077,1
-14.7342205,17.987144,7
9.757347,-8.835061,1
-1.687863,0.58777994,0
8.939236,-3.6731372,1
-15.189689,12.813481,7
2.958507,-7.310646,3
15.759382,-5.042462,1
4.378925,6.6317835,0
-10.587465,2.3412704,5
5.1841993,9.64318,0
-1.5974329,10.136131,0
17.076962,0.43052822,1
4.7718606,5.043888,0
-0.23695952,-15.820998,3
-18.584282,-14.273992,2
11.603166,17.960335,4
-23.091341,8.257579,7
-15.192983,19.4843,7
0.12058006,13.654551,6
-25.113644,2.6944044,5
11.035203,6.4577336,4
16.830847,-10.894573,1
-0.5153904,2.842507,0
8.324226,-10.185951,3
1.5327259,-10.148755,3
-12.299793,-5.4618864,5
-12.754809,-4.0734153,5
3.983652,6.3736687,0
-6.219879,28.92434,6
17.553585,-8.66704,1
-14.7419405,-6.3001585,5
15.446773,-11.289448,1
5.8437643,-11.803332,3
-0.2593954,-0.3823357,0
13.071137,11.043858,4
13.306437,-3.8027244,1
4.373008,-9.090966,3
13.6884775,-10.332315,1
7.5166907,-5.39103,1
-11.889992,10.158734,7
3.1145763,-1.9800869,0
-5.7042475,13.041785,7
5.2312145,-5.066669,1
-10.817749,-12.574146,2
-1.5656013,15.989502,6
3.1625516,-5.8812284,3
9.320125,-7.5317054,1
-7.657184,7.9131327,7
-17.678158,-2.3567564,5
5.365885,-15.454099,3
15.798105,-3.4309876,1
10.7015295,-8.885977,1
1.8669668,17.003052,6
4.80405,-8.261954,3
-8.919777,-0.47011438,5
12.093386,-10.803016,1
-1.2693347,-11.875624,3
-18.060246,-1.207603,5
3.4547038,4.2639604,0
-1.0510945,-4.462332,3
5.4959106,-9.272841,3
11.992028,-7.83763,1
12.3537,-1.4962887,1
2.1471076,-5.475093,3
9.634311,24.213846,6
-11.554821,2.0263903,5
-13.30016,-4.2930055,5
-16.820726,3.7319674,5
-16.29008,3.7963042,5
-19.459476,2.789088,5
13.278348,-1.7002271,1
15.699011,10.036875,4
-8.079743,-12.962768,2
-18.681257,7.0263324,7
-13.079456,1.6721396,5
-2.2639308,-2.2340653,0
8.54006,-7.362142,1
6.1587963,11.941365,4
17.662764,0.49923944,1
14.625702,-3.4740818,1
2.5525646,-15.0696125,3
19.516197,-0.7466923,1
-6.202627,-2.3397353,5
-13.757509,7.5028634,7
12.338683,-10.63879,1
7.710882,-5.6958885,1
-12.978015,6.0126967,7
-9.723312,4.3992114,5
-10.814212,8.39073,7
7.940339,7.3413405,4
2.3203793,21.395014,6
-20.333395,-1.163859,5
9.933799,-0.7898118,1
-9.740112,-1.950309,5
-15.9235325,-1.1056308,5
4.9553695,3.1281452,0
7.9010773,-20.618448,3
-8.964808,10.707038,7
6.1050406,-16.174921,3
-0.7222145,-14.621669,3
-15.053113,4.154257,5
-18.204916,-0.5349387,5
-1.7991217,-22.873161,3
-9.170752,8.282512,7
2.6457481,3.1858091,0
-0.16739574,-8.292768,3
5.4571543,-9.185156,3
14.927444,-5.6036415,1
-25.6586,15.494735,7
10.833793,-4.0919027,1
-8.256059,-1.1801913,5
-4.1922393,-6.8849263,2
6.9428515,-6.8357983,1
-19.72289,0.93424624,5
-0.98976654,0.27853483,0
-9.206315,-1.9371216,5
4.5464597,9.49945,0
7.135356,-19.327024,3
6.8289666,33.385906,6
-6.621111,8.906987,7
5.0126343,-10.671626,3
8.736935,11.915641,4
17.08864,2.9447885,4
-18.056866,3.9715433,5
8.337718,18.48126,6
-11.652123,-9.579753,2
-14.455683,-16.117022,2
-4.431551,-13.154057,2
10.855103,2.6597373,1
-8.868519,-4.1351447,5
9.444987,-6.753444,1
15.930521,2.2865336,1
-2.0696638,-10.603225,3
10.286293,-6.56289,1
6.7623405,18.725504,6
7.1831083,7.163868,0
5.042258,23.013561,6
14.821644,-7.0611086,1
-4.941721,-12.626534,2
8.8706455,2.7164946,0
13.247317,-6.197271,1
-10.096296,4.0963516,5
9.542636,-17.182398,3
-10.656146,6.676502,7
7.975424,-15.480802,3
10.121566,-0.42750213,1
14.13512,-1.454095,1
-19.229006,-1.5762107,5
-19.46909,-0.14039375,5
-11.159033,6.6367955,7
4.3502836,-9.025973,3
4.640177,17.148174,6
1.8610255,2.6234355,0
3.1106973,-12.263543,3
-3.7243385,17.341932,6
3.6353135,-12.451729,3
-9.588062,-1.0432284,5
7.380803,1.7105987,0
0.2474761,2.5696537,0
8.176514,-3.414229,1
-13.156156,-5.341112,5
-18.163656,4.7254605,7
12.788588,12.307352,4
14.031197,-10.468265,1
-19.560238,-0.9562377,5
7.1066747,-4.49586,1
-13.8496895,-7.5811367,2
-16.305357,6.4490356,7
8.852435,3.3602161,0
14.930349,-4.2247653,1
8.516383,5.600968,4
13.6700535,-17.374817,3
20.56068,-9.884334,1
8.934722,15.279399,4
-1.7956803,13.407099,6
7.641744,9.4210005,4
-9.89679,1.0275539,5
7.6834474,-7.8582516,1
-5.5698495,-11.067298,2
-24.212788,5.913629,7
-8.262629,-3.067961,5
-16.729334,7.863964,7
-18.902208,-3.2675426,5
5.231355,-11.453398,3
8.613379,-2.5442395,1
-10.207491,-19.179197,2
-20.473381,-1.9565177,5
25.328018,-3.4509008,1
10.884632,16.708094,4
6.2941217,3.692765,0
20.296448,8.786472,4
-5.6515737,24.283192,6
9.522327,7.0115047,4
6.9622784,-7.790349,3
11.8366995,2.7517223,1
3.4048922,11.971909,0
-8.631183,-5.7043467,2
0.5565254,-17.252316,3
18.101717,-4.8924575,1
-19.748924,6.763178,7
-6.016429,-11.773808,2
12.053658,-9.002119,1
-7.35394,1.4915144,5
7.539445,9.898052,4
-11.161432,5.90619,7
19.053125,17.071642,4
-9.461143,6.224174,7
19.510958,6.275108,4
-13.291734,3.9738085,5
7.947828,13.845185,4
-17.812479,7.9773793,7
12.480102,6.9472065,4
-16.98471,5.740844,7
-1.2517408,1.318473,0
13.139825,2.412781,1
10.27127,-7.0803156,1
5.3525863,-11.897716,3
2.4214916,-6.7970414,3
6.3224,9.96311,4
2.0504668,1.6009367,0
-11.75938,11.409079,7
1.4957408,-10.456246,3
8.474653,-5.266415,1
-13.361791,-3.8756175,5
15.542631,-0.031875134,1
5.9176,6.210574,0
14.211095,12.936298,4
1.2861761,-7.6856575,3
6.8337803,-8.222877,3
-1.5003383,-9.509523,3
-2.1984599,-16.45202,3
-4.1926804,6.603796,0
-15.357315,4.0315676,5
6.106505,0.41484416,0
-2.5155978,13.971385,6
-4.5166407,5.450673,0
7.689478,27.871738,6
-12.738206,-1.5690342,5
13.341537,16.82709,4
16.429585,-5.246897,1
15.130058,10.733382,4
-2.8264558,-4.7027287,3
11.023099,-10.334919,1
2.6254258,-15.622813,3
-14.123418,0.15988868,5
-12.820358,-0.6724444,5
11.382102,26.219702,6
4.4758763,-7.320345,3
0.20530194,-9.238192,3
-10.768262,-4.2770114,5
10.315991,-4.0978284,1
4.9672914,-2.2598424,0
-7.4612446,-10.9634695,2
-17.78421,-4.6760964,5
-9.691034,-9.085083,2
-0.45600256,-6.9187665,3
-14.043613,-8.204586,2
9.440906,-9.724748,1
8.249847,-3.7046027,1
2.332337,-1.2574998,0
-12.13264,29.90316,6
1.229967,-14.129778,3
-16.557898,-13.033081,2
-20.58548,7.284977,7
3.960121,-7.7880464,3
-5.169074,12.634748,7
-11.837816,6.742139,7
-15.686923,13.551257,7
-1.3584301,0.8880641,0
-3.5239785,-2.8575947,0
5.506742,-14.735214,3
6.7553296,-5.790383,1
-22.914825,10.36605,7
-16.888176,5.9379587,7
7.691659,-16.624172,3
9.320224,-12.6704445,3
0.77518076,-11.135104,3
-9.264869,12.707188,7
17.858362,-5.020994,1
-16.206888,21.716345,7
-10.193829,6.1559496,7
-10.271039,-3.9933453,5
-8.7923765,-6.627283,2
-15.310268,-1.4987427,5
10.64418,-3.7855823,1
-2.254304,8.456895,0
1.100946,-10.445122,3
14.089596,14.101813,4
-13.878708,8.432131,7
-13.9206915,-5.862459,5
-7.887685,-10.971151,2
-5.000429,-9.375489,2
23.895802,4.119057,4
-10.754689,-9.835089,2
0.3595898,-10.648105,3
-17.44946,14.549622,7
-10.344827,-4.6051707,5
14.584924,-4.519342,1
4.6027794,-0.6431896,0
1.7547476,-6.1480465,3
11.318983,-12.2916565,1
16.39516,-7.187508,1
-6.5872145,-5.399056,2
2.4144535,-2.0951707,0
12.9803,-11.702569,1
13.474414,12.411313,4
3.1240983,-11.68621,3
-20.562714,-3.8532605,5
-12.582603,9.600785,7
3.6839244,-6.07783,3
-5.5016084,-3.271721,2
12.149445,-4.349389,1
5.69306,-10.39266,3
21.90191,-9.696051,1
7.2917156,11.830488,4
-2.6602652,-9.02973,3
-15.562702,3.2801476,5
22.395123,19.363642,4
-11.737004,9.999463,7
13.378854,12.668288,4
5.4579453,-15.905817,3
4.217052,-19.363401,3
7.6619983,1.3205853,0
1.984162,-13.992193,3
-4.5566783,-13.419546,2
-12.973025,1.6050241,5
1.635082,12.472193,6
-3.7107384,-1.4101645,0
-13.727795,5.468159,7
5.9448285,-7.8446264,3
11.598477,4.8246846,4
-18.691263,-13.164604,2
13.998166,4.7138076,4
-1.1158723,-2.5435936,0
13.001277,3.6051793,4
2.7587318,9.82324,0
-24.450535,1.1969404,5
0.6286288,-2.6138902,0
9.634074,-5.8868723,1
0.3228571,-0.76707757,0
14.77511,11.610463,4
-2.0660539,-8.974095,3
-15.817198,6.461914,7
5.1951385,-3.1250212,1
0.4768638,6.4579,0
5.624259,-10.522222,3
-8.249062,0.17725568,5
-6.6953444,-0.25817674,5
14.052457,12.618314,4
2.5050297,-10.382466,3
16.063368,2.078092,1
9.751382,-10.028544,1
17.321384,8.603963,4
9.38058,18.629654,6
6.0904903,-1.6685971,1
-8.544877,-5.0360394,2
-16.440016,5.764481,7
-19.211052,-4.106825,5
7.1146703,-12.444151,3
16.04983,-8.292685,1
2.2848113,-18.915373,3
-10.490857,4.648849,5
11.928613,-13.126823,1
10.01858,-11.995345,3
15.930025,18.826273,4
-13.240429,5.2703085,7
-20.791826,-0.6626751,5
10.091284,-1.885588,1
-13.971964,-9.692695,2
14.806311,1.4625207,1
5.6119313,-8.436961,3
-6.243057,3.953027,0
9.197769,-9.177159,1
-2.3487394,19.832335,6
-19.109955,18.32217,7
-12.256242,2.510776,5
-0.0421042,1.8115216,0
10.596234,11.058998,4
-2.8616257,18.774357,6
-8.649032,-13.087134,2
-13.170118,10.23806,7
-12.742705,13.860828,7
-5.1076775,-1.3418076,0
15.287958,13.422576,4
1.1766055,16.369318,6
10.03373,0.1730496,1
1.9056677,-12.530802,3
2.1448622,-6.537918,3
15.710763,18.06071,4
10.869113,-2.0743408,1
10.272766,-11.347735,1
-12.395341,-2.0992296,5
-12.966175,-2.9466949,5
-17.185081,7.800264,7
9.561717,-11.916352,3
-12.269967,-3.5613706,5
12.548164,0.9765707,1
8.296166,22.03826,6
-2.7800121,10.724188,0
14.259441,9.042958,4
11.341649,-2.517447,1
-10.903024,-15.758643,2
17.65553,-0.74143016,1
-20.17746,-0.16779296,5
20.963638,10.751565,4
16.747795,8.88245,4
4.1133475,9.361641,0
-20.277271,-1.1847249,5
3.8413115,3.239965,0
-9.910985,6.863842,7
-17.812603,-14.151614,2
-18.721045,7.7882624,7
-3.3273532,-14.593359,3
7.521076,-0.21229641,1
-6.47192,-2.6159785,5
11.800077,-6.6595173,1
10.424488,-7.873519,1
-11.712006,10.284712,7
10.909703,-1.757898,1
10.025277,6.61916,4
14.992721,-10.343447,1
13.2741785,-7.3521013,1
-12.20218,-12.2867775,2
-12.48404,2.6600437,5
-8.804064,-0.7036075,5
-20.74109,-0.00798437,5
-1.2469987,-11.228174,3
-1.0017271,-20.21758,3
9.312131,-1.597612,1
-18.441494,-6.978363,5
13.57693,8.393608,4
19.588638,12.00579,4
-8.696675,9.552688,7
21.453226,13.976458,4
8.302201,-14.416947,3
-1.5788784,-0.48468006,0
7.8671665,-11.067233,3
-16.90583,21.62483,7
-12.262279,-18.325823,2
-4.84303,-12.186627,2
15.277166,14.310056,4
0.1546139,-4.403793,3
-0.5526634,-9.047484,3
-12.280875,-6.338973,2
10.244743,-3.5277386,1
1.0190793,-5.8426147,3
13.4095,-14.022871,1
15.903006,20.116392,4
6.9176393,-3.0652921,1
-15.022979,-5.6326756,5
6.418575,-2.71409,1
1.0936171,-8.791418,3
-12.169667,-2.222529,5
10.351633,-5.13723,1
-1.5805669,-16.439335,3
3.7358248,17.03627,6
-3.518532,8.770901,0
18.680975,-7.617711,1
8.337087,37.16095,6
-17.0957,4.870777,7
10.800628,9.487115,4
13.720765,10.385193,4
3.965922,-8.992761,3
8.12654,-16.482237,3
-8.567303,-17.147572,2
-11.815232,-12.818754,2
-16.912188,2.2023962,5
5.867397,-5.73545,1
12.064057,11.698318,4
-15.528667,-10.500384,2
-17.274097,-11.424827,2
5.047552,19.12097,6
-17.51113,-0.4785305,5
-0.18070662,-10.777953,3
-11.222869,-8.10887,2
-3.0263402,0.4754327,0
-16.923262,0.56630796,5
-2.073956,6.668887,0
11.749639,2.38265,1
-6.636612,22.438526,6
-17.102116,-10.323533,2
6.5612783,-1.4738176,1
7.599374,6.2790394,0
6.1867137,-13.79878,3
-5.841557,8.886481,0
-8.495321,4.1336303,5
-14.94328,4.61604,5
-2.9841268,26.614859,6
17.256191,15.612089,4
-11.263887,-10.200785,2
-19.02963,-4.477376,5
3.6427152,-7.110434,3
3.8295588,-3.5021055,0
13.37537,-5.436157,1
0.65612036,-6.3814483,3
15.903275,-5.0183134,1
-4.859713,0.978401,0
4.1748605,-7.3114376,3
-11.159517,-3.221724,5
8.787644,9.264323,4
-22.98255,17.953264,7
2.1195166,2.1270075,0
-22.681047,6.487459,7
-11.103133,-21.455719,2
17.41193,8.019817,4
-6.544896,-6.3972473,2
-12.836791,0.21595953,5
-20.44813,-10.528815,2
1.7460912,3.4546072,0
17.707434,-10.364772,1
8.809854,-4.9845653,1
0.42815775,-18.750673,3
3.2600386,-14.395211,3
3.0595703,-6.713921,3
2.7934463,12.2460985,0
4.0926194,11.468455,0
19.606157,8.544134,4
0.38413867,-18.990456,3
20.058561,1.9117602,1
11.3594,-3.9140959,1
-14.90108,9.213092,7
15.274524,-4.5149093,1
-7.8080306,-6.3400044,2
4.581229,-15.388929,3
0.057714455,-11.704789,3
15.88897,6.7905025,4
-12.191153,5.3659205,7
1.9313214,-0.28073525,0
-19.528568,-0.95695686,5
13.305499,2.0950785,1
1.085549,-0.16777934,0
-6.1301823,-11.081881,2
10.03017,-1.8587449,1
-15.475488,20.412401,7
14.48215,22.307178,4
8.947799,-11.596582,3
-0.8549011,-16.639517,3
-3.2389927,-1.9522626,0
-19.028511,-7.911026,5
-3.0408053,12.5341,6
8.261915,-7.133973,1
5.367572,-6.34616,3
7.5773425,-15.923492,3
-12.206968,1.9579854,5
-15.984171,16.45627,7
8.639356,11.155224,4
7.871704,36.99554,6
-20.06257,6.57855,7
5.609763,12.8238945,4
2.3765628,22.701557,6
10.397945,-6.7202215,1
-2.3701096,-6.991676,3
16.461042,7.2305098,4
-14.139444,9.0693655,7
-15.661371,5.182429,7
-15.784704,-14.134685,2
7.895472,-13.626264,3
4.642453,5.182797,0
12.581007,-2.3866804,1
-2.8140569,14.227541,6
-4.087842,-5.827067,2
-4.6206083,-12.843723,2
0.6403199,-4.167062,3
-9.212359,-10.833559,2
4.3161225,-4.4677258,3
-9.033459,-3.8314128,5
-15.769016,-9.02988,2
9.416277,0.98486906,1
6.3739853,-12.60711,3
6.860627,-11.526447,3
-5.022839,-2.3240364,0
-7.3251305,7.870977,7
6.886641,0.64044815,0
15.127492,5.1917477,4
16.196714,-6.2085557,1
-14.629492,1.500438,5
1.2720501,8.341965,0
14.297444,19.012398,4
0.60662526,4.2162404,0
7.232086,-2.482452,1
5.965277,-5.802659,1
-12.206061,0.61382324,5
11.296241,0.9049125,1
8.3754,-1.7348952,1
14.254473,-2.8663132,1
15.545517,-12.211854,1
-11.23213,-5.150929,5
-13.32255,-9.498032,2
16.58328,6.2813764,4
5.4370465,0.77636,0
9.3993435,4.0470695,4
9.626718,-2.57135,1
14.019555,3.9087167,4
5.0568843,-9.073796,3
1.5250633,9.118114,0
0.5867172,12.136744,0
-16.750992,8.286591,7
10.929473,-8.184129,1
-4.839698,6.279299,0
-0.14633526,19.610224,6
-2.9973567,9.928969,0
-18.303392,12.002099,7
20.652805,-2.0066829,1
9.715528,9.159692,4
5.015777,-10.500786,3
6.0268126,13.436829,4
-7.19379,-0.6731732,5
7.1179423,-1.0851182,1
13.536736,-1.8925905,1
9.332109,-6.192367,1
8.268166,-5.952774,1
-16.890427,-1.4456202,5
9.36327,21.22025,6
-1.2720491,-18.953241,3
0.55314934,-13.286803,3
3.3003223,4.477651,0
9.300912,-6.990127,1
8.790359,10.574726,4
0.5006324,6.038928,0
7.906085,4.822775,0
7.644024,-11.300979,3
-9.243343,9.702925,7
-2.8138285,-15.601276,3
11.679701,-3.860318,1
-6.28454,-15.343586,2
-15.310687,-0.87864846,5
14.682994,13.84474,4
-14.561777,-0.11250191,5
-13.502614,-7.1073256,2
-0.7871488,7.9776187,0
5.9012785,-5.188034,1
17.677639,-10.55342,1
11.287152,-7.889154,1
-0.5906933,-11.534803,3
14.370231,0.85749394,1
-12.971604,-17.517372,2
-15.317358,-6.867658,5
-18.035776,-12.735834,2
1.9815662,8.222369,0
-1.2277944,-14.010286,3
-15.784452,14.064287,7
-9.177891,13.52313,7
11.878899,11.474378,4
5.0321856,13.097308,6
-26.202442,-0.073707215,5
8.216701,-8.701396,1
3.6135328,6.044945,0
0.4981215,-11.649737,3
13.545916,-5.733932,1
10.332186,-10.388863,1
-12.3655205,12.567192,7
16.471994,-14.596652,1
10.373907,9.286345,4
5.2015967,-11.497329,3
11.499557,3.9563398,4
9.22009,-15.525323,3
-16.977737,21.893944,7
15.8287,12.042484,4
-14.702897,26.891172,7
-0.31858665,-6.732878,3
3.319183,3.4969594,0
-1.9465764,-14.982075,3
8.258923,-4.2235193,1
8.457751,10.156423,4
1.6054348,0.04985351,0
4.529223,19.430508,6
-12.06605,-6.3270416,2
-17.723164,-12.351069,2
-7.706231,-6.840781,2
-5.985237,0.42893443,0
-20.766357,5.3452415,7
5.130812,-7.1638703,3
14.852239,-14.688742,1
-8.770421,-16.17746,2
15.59694,-7.8181357,1
-8.287419,-0.51245415,5
5.5333962,-3.309862,1
-4.4500217,11.033132,0
4.522752,-18.65397,3
4.1465855,-14.990716,3
-6.8608255,17.598127,6
8.103265,9.98565,4
5.200788,-8.512672,3
5.0884433,19.572124,6
-16.5189,1.3188968,5
0.9062513,0.95291626,0
2.3798594,16.585142,6
12.775049,-3.2069423,1
10.741814,-15.453384,3
-13.628027,6.404682,7
1.3679842,12.163465,0
-2.0572553,7.1776643,0
4.083339,-14.053699,3
4.6345906,4.5911655,0
0.4578125,-4.7853107,3
-14.28006,-10.202585,2
-13.55154,-11.406512,2
-14.712161,2.4749196,5
17.287697,-10.467803,1
21.437597,-10.09699,1
0.9741863,-8.582708,3
-8.874078,0.011383676,5
14.543644,0.00340466,1
-11.959847,-10.7343855,2
11.345728,7.6710916,4
-14.111257,-9.033911,2
7.764887,-17.503042,3
-18.695024,-8.494791,5
10.093593,8.694944,4
1.0305263,-11.225818,3
8.494425,-6.7729893,1
-18.529575,-8.561418,5
10.815879,0.092630036,1
-24.187006,5.421303,7
11.330488,7.0871563,4
12.884221,16.673903,4
13.000205,-10.780183,1
2.3426807,-5.53477,3
7.442202,-4.2926173,1
-15.700113,-8.725474,2
-3.2930098,28.933645,6
8.780885,-4.1540365,1
-19.206678,7.8267474,7
12.518966,-15.70461,3
2.5083091,14.510244,6
12.828848,5.576113,4
-4.8757997,-13.501231,2
9.279979,-5.3375764,1
-14.445643,6.570454,7
-16.242403,-2.1676662,5
-0.3832321,15.095715,6
7.2588754,-4.37938,1
-3.6469405,-11.063203,2
-14.284475,0.4675944,5
16.126621,-0.13336603,1
0.6836551,-3.9586518,3
-2.248719,6.540903,0
-5.4830837,15.71711,6
6.3915696,6.854178,0
4.471305,-1.1938758,0
9.451624,17.470346,4
1.802382,-19.368673,3
-10.265273,-2.0100844,5
14.652577,-5.1745787,1
8.026463,0.44130656,1
-16.95274,6.4822664,7
-11.550338,24.929686,6
14.541689,13.823784,4
6.476562,7.987585,0
16.507145,4.3501897,4
2.7133052,-10.192329,3
2.4309335,-6.515932,3
-20.04417,1.1195189,5
10.116346,-4.697588,1
2.9887125,-14.812392,3
-4.199141,28.709406,6
-12.396255,-0.03798362,5
-1.9116073,27.545202,6
-8.214194,-2.985042,5
-9.184935,-6.3618193,2
-18.771387,-8.849612,5
19.416428,1.145986,1
-17.828535,-2.4179173,5
3.0164375,2.999535,0
21.463402,0.78406686,1
-2.7313762,-0.24179585,0
-8.062906,-16.143864,2
8.22062,-2.3094747,1
-9.186691,0.34657693,5
-13.215359,-15.448771,2
6.0934052,17.695494,6
-14.730887,-6.9480977,5
19.655994,6.1769395,4
1.1572443,-3.7854035,0
17.983736,11.632,4
-3.6279209,5.759836,0
26.261356,4.795049,4
-24.54777,-1.130245,5
0.9520013,-7.539562,3
-8.509513,1.0918186,5
18.060472,-6.274427,1
8.51633,-10.116641,3
12.795698,10.747603,4
-9.438682,5.201099,7
2.0870411,-6.3642845,3
13.69753,6.322138,4
3.5786924,5.7743216,0
6.0249805,-9.686521,3
5.139064,-12.430103,3
8.562299,2.837514,0
2.3887894,10.119296,0
4.053704,-11.972894,3
-0.95173097,-17.743809,3
-20.430891,11.81603,7
9.507905,-12.144942,3
-15.204901,-5.6995664,5
4.506508,-0.9057376,0
-17.784958,3.3711097,5
3.7802906,-4.5690284,3
-8.7228365,-5.2695885,2
17.452797,-4.381811,1
-4.9305916,28.705132,6
-18.382677,8.946981,7
-20.025852,0.45622718,5
7.5522346,-7.8845696,1
14.248476,7.147116,4
6.264095,-4.5794935,1
-12.500065,6.100503,7
5.0143895,-6.2336044,3
-2.9287152,-15.260749,3
5.10673,-4.2787313,1
-19.792002,-0.59769195,5
2.9256048,-0.80123407,0
21.452648,10.662999,4
5.7724543,-1.0914385,0
12.437657,-15.678334,3
14.601083,-7.6825633,1
-6.03708,-8.287097,2
-10.642126,-11.547282,2
-11.172408,-11.847282,2
-19.349707,0.23373614,5
2.4056637,-8.092124,3
3.1361396,-9.613334,3
14.435533,13.764603,4
-7.723112,-13.035393,2
15.605132,4.896186,4
-5.7036986,-15.870542,2
11.813679,11.893224,4
-26.719711,2.6544564,5
6.466863,13.233139,4
-11.92927,-12.011237,2
13.118923,2.4043818,1
15.233292,-8.306754,1
-6.603141,-2.4071515,5
16.663034,-4.2064824,1
3.0469472,-14.326427,3
-21.164967,4.574157,7
-0.9247276,3.3851202,0
-14.175679,-6.243062,5
6.1318393,-10.969126,3
-9.898642,2.8223834,5
-20.926767,15.697283,7
-10.720235,12.673727,7
6.435094,18.161272,6
1.7246292,6.4097743,0
9.776463,4.3174505,4
-13.300066,-2.980115,5
-11.63035,-7.0243354,2
10.053781,2.4976993,1
1.6870741,-0.72523135,0
1.4876922,7.9644322,0
8.176906,-6.4976506,1
-13.626243,-10.657058,2
3.2362504,16.270666,6
-0.028252637,-17.58381,3
-4.7528005,1.5849035,0
9.971577,16.371391,4
1.382641,24.453875,6
7.141353,-2.2840035,1
-16.299177,2.5769176,5
-15.544833,2.9178553,5
-7.7648354,-2.6138008,5
-17.93844,-5.887903,5
-12.856973,0.15613298,5
-6.114881,19.53008,6
16.13641,1.5019422,1
-2.0312233,22.609745,6
11.784591,-13.757212,1
-0.00040864185,6.7547317,0
-1.3403851,-14.103922,3
10.081568,-11.719904,1
8.146731,-8.068765,1
-2.51101,-16.831985,3
-11.569304,11.26144,7
12.901881,-0.91623145,1
12.310038,-4.896745,1
2.5756793,-20.547516,3
3.5547843,5.543027,0
-6.1393223,9.765891,7
-6.6964593,2.9553883,0
13.463447,7.9225416,4
-10.382514,-1.9744555,5
13.342734,-6.2937536,1
-22.919077,4.735589,7
-14.332689,13.684623,7
-11.6804085,8.897028,7
10.453841,6.6571364,4
-4.439994,-10.427826,2
10.5907955,7.7104387,4
19.139473,14.794803,4
-12.05821,-11.03237,2
1.6119627,6.35996,0
-17.163809,-3.278828,5
3.5844724,9.51019,0
11.062489,18.13884,4
-7.858741,8.339245,7
-1.9611253,25.235268,6
-4.798018,-23.652027,2
14.232033,-3.454214,1
17.105825,10.882498,4
5.382848,1.7354512,0
9.333132,-6.4228864,1
3.5153458,20.198002,6
7.5499773,21.011297,6
16.461655,-1.8582752,1
1.5249406,7.716541,0
15.415114,-6.402935,1
10.328034,-10.407094,1
-0.98672515,13.558473,6
6.258994,-10.016461,3
10.382534,16.71787,4
-4.0544887,1.2448153,0
-15.763191,-4.037317,5
-17.589304,8.397295,7
-13.276687,-12.464735,2
-0.11774462,-3.4582746,0
-16.162937,-7.0775414,5
-18.142057,5.958769,7
3.2879071,-3.743057,3
-0.94739896,20.062834,6
4.2328987,-3.104012,0
8.482968,-7.2875795,1
1.793456,9.40644,0
15.8741045,-0.08798059,1
1.275205,-13.04461,3
-3.707108,-16.41856,3
7.367143,1.2244779,0
-13.185571,-0.8281476,5
1.9920335,-10.667172,3
5.247181,-3.589409,1
-10.976155,-13.014747,2
-15.3005295,-3.1817405,5
-7.7069836,11.470301,7
0.2822828,-14.489674,3
-3.8822222,-0.54073006,0
13.62042,12.875204,4
-6.0404525,7.440236,0
3.4614267,8.836967,0
1.8828245,-18.507038,3
1.7435704,-0.30547243,0
-10.681824,-11.151986,2
-21.31704,-3.7536728,5
9.518125,-10.487378,1
23.651968,0.99940485,1
-20.850811,4.2288527,5
-2.220776,6.9515996,0
0.66461927,-15.55552,3
-8.434785,-16.34326,2
-14.789949,-2.292485,5
2.8766177,-10.367201,3
-7.730603,-16.835651,2
-0.09723423,-4.3342004,3
9.908455,26.199402,6
-8.069291,-10.896737,2
-5.731446,-21.70177,2
5.5587106,3.6993732,0
-13.246682,0.011908575,5
-10.708131,-17.49378,2
-14.071636,-9.182485,2
-13.573018,12.728027,7
5.616308,-14.784412,3
-9.143823,5.259501,7
-18.251251,-2.5893266,5
11.326732,-2.4027836,1
6.19989,1.9530827,0
0.8096945,-12.724421,3
-11.485711,13.985243,7
0.49463794,-11.105484,3
-16.056915,0.61299556,5
12.085045,3.3131318,4
-12.176798,4.2155294,5
-3.131221,-8.071156,3
-0.5556057,13.865269,6
-7.299781,1.9816949,5
-10.563146,-1.3030952,5
-7.907805,-0.023673302,5
11.931714,10.530838,4
-8.870394,-3.353784,5
-6.955616,-21.69566,2
3.4306657,-15.81092,3
2.5532925,-10.875544,3
-7.12216,14.91362,7
-9.82943,-13.756194,2
11.695524,-13.073925,1
6.5350447,7.1549926,0
10.717495,8.259095,4
-21.25339,16.110012,7
12.744184,-6.678737,1
2.3741179,3.7177906,0
-15.390011,-7.8044977,2
-10.722951,4.4611077,5
7.5863237,31.4736,6
18.245749,-4.6946797,1
-4.0324607,-14.304043,2
-4.037021,0.16305359,0
4.535454,-12.62597,3
6.5268025,16.252583,6
-20.863228,15.67003,7
-6.214648,-15.998108,2
6.4794793,-0.2319387,0
12.442533,-11.660041,1
-5.747104,3.5463881,0
-18.99759,11.410019,7
-12.487108,-3.042384,5
-6.917818,18.43677,6
10.883636,7.07371,4
12.808351,-5.129317,1
12.401738,16.388403,4
1.9284971,-6.584531,3
-21.074465,3.8768013,5
21.544449,-2.9679546,1
8.646352,9.6641865,4
-20.390972,3.8716078,5
14.470637,-6.2734756,1
-9.745979,-7.2704554,2
-15.27422,-6.6712756,5
-5.883951,17.721142,6
14.454204,20.428686,4
17.725378,4.2842317,4
1.6238462,-8.746138,3
4.084751,-10.77711,3
15.556868,-4.779689,1
9.138834,-4.380759,1
-20.004004,7.977738,7
-7.6159005,-15.347574,2
-10.831937,6.716251,7
10.04574,-7.605038,1
1.0081116,22.915396,6
-0.26429918,17.539782,6
5.0284886,0.8116991,0
-15.202105,-3.335561,5
14.359704,-1.0408604,1
-22.614077,8.499202,7
-0.67674464,-12.288328,3
-13.713764,-7.871955,2
3.6722825,-8.183218,3
-10.535822,2.6744823,5
7.3235903,-8.232639,3
3.8241167,-1.8238641,0
-10.298658,-6.677713,2
10.412562,13.614452,4
11.849837,8.196928,4
1.3265657,11.676062,0
10.207175,-6.4558625,1
1.4857255,-14.671865,3
-14.465807,-2.6939514,5
-13.629261,-3.9077823,5
4.4056907,15.657969,6
7.6053743,-9.274832,3
-8.419032,-10.594596,2
22.87965,-0.8455366,1
10.418677,9.4556,4
-13.487444,6.718293,7
20.375818,13.920349,4
-15.024843,2.416054,5
-7.424123,0.7969437,5
-6.5266027,3.253941,0
13.907645,-10.314644,1
-20.132694,3.1784613,5
7.528662,-11.021446,3
-12.069302,0.6744169,5
-15.269202,-1.3653084,5
1.124482,-8.182479,3
-7.2702885,-1.9478542,5
-15.102268,13.253682,7
5.2253013,4.467983,0
-12.604552,7.3558364,7
3.2607565,2.6304767,0
1.1973903,15.919238,6
5.431944,-14.890711,3
-20.214842,-3.0934136,5
11.111292,-9.11419,1
10.752059,6.2708473,4
-10.939102,-3.269283,5
-10.317736,-11.514273,2
4.340545,-11.212149,3
3.8400884,-10.674811,3
0.13300623,-9.06192,3
0.21122274,-15.32387,3
3.7445228,-11.810759,3
5.1170096,18.500868,6
-3.9728184,-12.011998,2
20.489262,-9.852611,1
-4.8565483,7.151057,0
-6.4168916,6.5571756,0
14.073388,1.4101764,1
6.4104056,18.161104,6
11.356489,-2.222758,1
10.43207,23.947775,6
6.593617,1.2713726,0
20.449306,-1.7009605,1
-5.27158,14.06091,6
-11.432699,-11.681811,2
-14.620835,-9.061416,2
-2.9924161,21.692944,6
-12.898491,15.771632,7
13.248917,-5.937314,1
-1.8757577,-0.36373317,0
17.157616,-12.567335,1
-7.1452355,7.4173074,7
2.4866128,2.8719187,0
12.17914,1.3153783,1
1.5385443,18.658741,6
1.179875,15.886539,6
-11.743101,7.9578657,7
18.335077,-4.8365865,1
17.673874,-7.440771,1
-25.2524,8.864786,7
4.6266484,-4.752528,3
-18.06605,21.356201,7
-14.7419,-8.10429,2
-0.7385703,10.80522,0
7.677738,-4.1484213,1
5.2597456,-17.397959,3
7.175062,-12.576206,3
-17.792976,-10.32609,2
-9.309453,-7.3900757,2
-9.287855,-13.603802,2
7.871982,-5.3044734,1
22.255281,13.884507,4
19.077095,4.6105886,4
11.371137,24.608065,6
14.580283,5.2221885,4
-13.705833,-15.988532,2
-4.4164224,20.50904,6
-11.960969,3.60205,5
2.099691,-1.3216848,0
-0.6714597,25.855501,6
4.8326893,14.356913,6
2.173415,18.801374,6
-13.457669,-2.9610457,5
3.1347284,-10.259937,3
-9.186564,4.593383,5
8.525781,-5.292911,1
12.599179,21.295364,4
-8.374234,13.794703,7
12.908701,15.541986,4
14.715467,-0.1243693,1
-12.176492,-1.6800188,5
-18.59694,4.73427,7
9.302792,5.866355,4
8.452579,10.071055,4
-8.79873,-12.562426,2
9.623417,4.044116,4
-10.527684,-9.295309,2
11.581175,-5.982193,1
-1.279617,-11.829664,3
6.0424285,0.43322587,0
-21.053429,1.4054234,5
12.519437,31.491282,6
-16.743708,-2.8074741,5
-10.535372,18.054121,7
-6.967531,16.67201,6
10.331135,7.0571184,4
15.6668825,-3.7614336,1
3.4968114,1.2232451,0
-20.843655,-7.440892,5
-3.2375748,5.90458,0
11.567027,4.5048428,4
-14.216118,-0.88070136,5
-12.167729,4.9037046,7
-11.283528,-18.928024,2
-10.847753,-14.695276,2
16.987284,18.684418,4
-8.360948,8.0696945,7
-12.289045,-8.194727,2
-24.059765,2.7264397,5
9.758882,2.3168936,1
10.071263,-1.776931,1
11.856163,12.802248,4
10.719361,-2.9895997,1
-7.5782695,-6.761084,2
-3.6934958,-11.687341,2
-15.000136,-2.275541,5
-4.5034504,2.013792,0
14.223437,15.986003,4
12.558714,-10.05214,1
20.605234,-3.9915707,1
11.615962,1.6135935,1
-15.077727,2.305007,5
8.013145,0.30785257,1
-17.58159,-4.4658585,5
0.2946491,22.452423,6
10.44425,2.7407126,1
2.3301697,24.76475,6
-13.913094,-12.1226845,2
-16.464193,-1.4435705,5
-11.697671,-6.421048,2
-4.0550523,-11.313752,2
14.972723,-11.704354,1
7.763943,8.183498,4
2.1378832,-20.946321,3
8.707749,13.989105,4
-5.88126,4.2950916,0
5.745709,-5.766997,1
-6.311867,-13.810101,2
17.852345,22.061077,4
-13.530555,-0.4801075,5
3.1798594,-10.944137,3
-3.3357215,16.121563,6
-2.1745548,1.8444312,0
0.27421027,23.366974,6
12.443327,9.082565,4
-10.066302,3.055098,5
10.56714,-7.7914844,1
-16.44008,11.010393,7
7.8515897,-5.450671,1
-4.779583,2.9276419,0
12.655375,-6.507847,1
-8.238089,-15.641939,2
-9.418529,-9.260542,2
14.581324,-11.386082,1
2.8832018,20.020044,6
-1.7971435,4.8704305,0
0.82162356,-12.031205,3
-6.4588704,19.467129,6
-6.5563216,6.0174675,0
3.1077185,-14.671548,3
-4.1562853,-9.723859,2
17.348711,-4.121029,1
-0.616978,15.103117,6
-12.146889,-1.9937897,5
19.158554,10.112772,4
-13.407093,12.044153,7
10.178048,35.082905,6
9.196913,1.1634605,1
13.077685,2.3787453,1
2.2109156,-1.5652266,0
-12.819696,-3.7423,5
-6.630709,-19.169313,2
-12.90649,-7.0200777,2
18.367266,5.019527,4
12.464737,-14.953121,1
-11.564855,-1.3284541,5
1.8961691,-11.5955925,3
15.591639,5.138959,4
9.368002,0.7976022,1
-7.517468,3.9908185,5
2.6455915,-14.205845,3
2.5356362,-2.7749863,0
12.026693,-7.135895,1
13.587423,-1.6599612,1
-14.001583,-5.56271,5
8.876749,0.67372596,1
13.556035,11.301479,4
10.32751,-12.9911585,3
-12.854327,16.037651,7
4.849642,15.068222,6
14.689819,9.34908,4
-8.529759,-3.2651153,5
11.370634,-10.176152,1
16.885618,6.883456,4
-4.461608,19.482288,6
-4.282955,14.952976,6
-18.449938,10.408276,7
5.2596064,5.9851546,0
-16.29495,1.0219897,5
22.840656,4.0162,4
-11.263608,-10.991646,2
-14.127873,5.29747,7
18.455467,-0.18698841,1
-13.818476,-16.259869,2
11.759126,-11.850378,1
17.784132,10.580653,4
7.825458,-8.4242,1
1.3273028,-16.698475,3
13.403415,-12.385442,1
16.989552,-9.182458,1
-24.713753,9.380144,7
-12.770945,-5.527993,5
8.857671,2.6076794,0
3.8527915,-5.9111853,3
3.0984266,19.64137,6
-5.9565506,32.319416,6
6.0810647,0.72984356,0
2.7471824,6.9296794,0
12.660448,-12.783906,1
1.9189894,3.9495723,0
-16.117287,-2.9593692,5
8.127404,-8.011569,1
3.1545238,-3.24426,0
5.4658136,4.9415007,0
0.7830043,-6.7459927,3
-12.750495,-10.36565,2
-4.138697,10.69508,0
-7.270216,-10.331855,2
15.854415,-3.9722621,1
-19.294044,0.36952478,5
-7.191131,-10.65771,2
-21.295502,-9.901698,5
-14.618815,-0.015313579,5
15.574298,1.9143817,1
3.0807674,11.451405,0
-5.9757276,-9.551239,2
2.3323526,16.466612,6
7.4512734,-3.132786,1
17.029762,17.401392,4
-3.9771552,13.028304,6
-3.2529476,10.291747,0
12.04047,-5.902672,1
-15.073021,0.33093002,5
6.3188944,-4.474909,1
-1.7020967,-11.202844,3
8.742581,-18.884628,3
13.238957,-5.769856,1
13.751313,10.8768,4
2.7633853,-5.321032,3
-14.795446,3.657372,5
-13.727249,-1.3348222,5
14.980831,6.33646,4
24.42674,7.6773343,4
11.622202,31.629051,6
-12.312622,-7.8159814,2
3.4769924,-2.7057576,0
4.9462194,-14.376607,3
5.8093038,-9.959366,3
6.7417026,-12.912923,3
-1.7923911,3.938056,0
6.1243715,-9.212841,3
-23.133364,24.011694,7
-11.197309,-3.5140533,5
18.509544,0.5956678,1
-11.58501,-3.0139494,5
9.905438,-9.661509,1
5.8369403,13.98833,6
12.962872,-23.527163,3
17.608252,-2.651204,1
-11.001839,4.1646247,5
12.194227,-5.839168,1
10.344855,-12.465616,3
5.2842913,8.447834,0
18.732616,-7.9465275,1
-17.031822,6.639227,7
-11.827377,14.00384,7
-5.1581945,8.694696,0
2.58592,-13.318469,3
14.105994,37.451878,6
1.9636182,-13.685379,3
-0.69268245,-1.0701665,0
12.051676,6.1774483,4
1.3533607,-15.380664,3
2.2199788,5.713353,0
10.616648,-2.1392422,1
9.936046,8.339148,4
2.1620853,-10.764926,3
-15.748903,13.551649,7
16.752773,15.240108,4
-13.042369,-5.3236933,5
0.9729525,-3.9316552,3
-2.763258,0.7248685,0
-14.252973,-1.3624216,5
9.962128,9.309998,4
13.784795,-9.14943,1
1.7810715,18.645592,6
16.624382,-12.51654,1
-5.921673,-2.3212433,5
0.31469044,-9.555932,3
-2.6000388,-15.897514,3
-11.327798,2.1052802,5
8.075507,-5.361066,1
-13.569299,-11.540326,2
-12.534667,-2.7180882,5
-5.3649764,-5.834139,2
-19.677534,-2.590452,5
-0.9507817,16.629885,6
5.3862567,9.971803,0
-12.887009,8.80219,7
-10.962309,-9.419464,2
-4.0935955,-14.025218,2
4.703177,11.20576,0
-1.6634176,-3.3477027,0
-2.6204107,13.667209,6
12.934209,14.127105,4
-0.57296354,7.33304,0
3.03482,-4.887068,3
-19.730942,2.273915,5
-2.3582976,2.0269027,0
-7.66012,-1.594115,5
3.8264973,-2.4674113,0
-13.710586,-13.838338,2
9.072999,-8.854269,1
-19.54588,6.3776135,7
4.076973,-5.1757874,3
-8.872104,11.481694,7
2.5163352,-9.271231,3
12.696943,0.3935164,1
5.110392,-13.630714,3
27.898241,11.306497,4
-19.30211,18.84784,7
-3.3160703,-12.17585,3
0.6718811,8.10643,0
12.834533,17.900263,4
5.522562,-12.01835,3
6.13278,-2.095963,1
9.682929,-12.46331,3
-13.998621,-10.2553215,2
10.757646,-6.4892473,1
13.415742,-2.2505198,1
-0.10696098,-17.75457,3
1.9693921,3.6842153,0
15.206216,-7.620176,1
-2.4448786,-16.664675,3
4.1727147,-14.715907,3
-1.3545471,12.985641,6
9.298698,12.143469,4
10.372026,-7.327804,1
8.560256,9.239056,4
5.238774,-5.7929792,3
13.282939,-16.54174,3
-14.968732,-3.6247892,5
-17.383482,5.694498,7
14.116944,-14.0657215,1
9.455202,11.389677,4
-9.4792595,4.921024,7
-17.567972,3.2058964,5
13.301212,-11.345571,1
-0.6442571,-11.751785,3
-3.837515,-9.100201,2
-5.292292,-10.079001,2
0.87748754,-10.245212,3
12.280786,23.924246,6
-12.412911,-8.994888,2
18.464693,-6.8241096,1
0.5647506,-4.951305,3
5.225261,-7.855891,3
13.323543,-3.5172536,1
0.58827007,-17.30731,3
15.328172,14.946698,4
1.9796317,-3.2650754,0
9.163961,-12.818535,3
5.730544,-0.23588549,0
-10.237319,5.816081,7
-11.081697,-9.970901,2
14.601824,1.1118156,1
0.9539583,12.067561,0
-0.22822921,-12.099718,3
-3.4322915,-2.3325663,0
4.2942376,-9.423856,3
-16.32517,1.0197436,5
-0.40910938,26.09242,6
-10.96058,-17.645958,2
7.7136507,-8.871222,3
3.1470335,6.2406387,0
8.859458,-8.281308,1
0.5176278,12.253656,0
15.441271,-6.4457326,1
-5.1476912,4.049781,0
-7.473147,2.6529794,5
-1.639748,7.4102464,0
1.2355187,17.345871,6
-1.4831922,3.874994,0
-16.755156,-0.8709824,5
16.27035,-5.862343,1
9.19924,7.259236,4
-5.1126184,-2.8229563,5
3.5997317,-6.1750937,3
4.156568,9.920946,0
12.662167,-6.139686,1
7.036426,1.2757856,0
0.76709837,-12.732141,3
21.300606,1.9642674,4
-18.374535,1.1834279,5
-11.262206,-6.7060065,2
15.617118,17.778624,4
0.31770352,3.2364697,0
7.213555,-7.4051886,1
-10.763875,-3.9943798,5
-1.9362031,7.8785224,0
8.247184,4.1086597,0
-12.9067955,-4.6262026,5
-13.7287035,-15.458618,2
18.464157,8.438494,4
1.0518296,17.261147,6
0.9663254,18.14611,6
-15.32666,2.496123,5
2.0416079,4.228116,0
-1.7131846,-9.197492,3
4.029424,-14.964604,3
-11.731782,10.1660595,7
19.584839,10.86787,4
9.563067,-7.027827,1
-3.6086466,23.11328,6
-10.847572,3.9387958,5
6.9681926,1.275352,0
12.732135,19.7338,4
-15.699867,-3.4082654,5
10.746558,20.350977,6
15.062136,-5.4112444,1
6.5331063,20.192057,6
-1.9231893,-4.2925963,3
10.9426985,14.143962,4
4.0245,11.192436,0
6.112593,-8.674649,3
18.414993,22.984917,4
-7.2700706,27.581007,6
15.453073,0.8432054,1
4.174457,-14.416824,3
-0.77019966,20.674072,6
-21.065647,1.4216477,5
-18.491457,-4.8641596,5
-15.040083,-6.101887,5
-13.326176,-13.374555,2
8.5914545,-4.186571,1
-6.8193874,21.310858,6
11.122445,-4.9834414,1
-8.731162,-21.25643,2
-1.9575204,10.189746,0
0.5890197,-9.851758,3
-6.678718,-12.517053,2
8.964416,-6.3597383,1
-14.9770355,7.134782,7
-3.1953523,13.764591,6
-12.070969,-8.666181,2
-10.530673,-0.34607407,5
-22.929558,6.0307837,7
-5.27018,-8.257333,2
-20.878332,-1.103928,5
-27.804268,6.99487,7
-12.415813,-2.111745,5
5.3180933,8.112664,0
1.4992533,-11.255667,3
-13.785373,8.409339,7
1.6027797,8.816177,0
11.007812,11.264187,4
7.6618114,4.0166364,0
-19.112928,3.0696545,5
-2.3881376,25.073824,6
-12.804031,2.946276,5
-12.334058,-13.567137,2
-10.171663,-15.303731,2
-18.4265,-5.0619125,5
17.449038,-0.83901113,1
-15.018869,2.18819,5
5.5223465,0.08704126,0
-3.4285758,-10.120866,3
14.928022,10.573437,4
-15.592479,-1.4177198,5
13.999422,0.5981948,1
1.709633,-8.366725,3
2.2439692,-14.853836,3
-6.622549,17.950798,6
1.1128107,-9.665095,3
-13.920083,-5.214545,5
-5.643466,-4.891903,2
-8.1340475,4.498251,5
8.432129,4.341414,0
5.4260826,-14.666546,3
-3.5412774,27.45738,6
3.438825,-1.6755755,0
10.376959,10.807565,4
3.458386,-5.3569636,3
-12.7661705,1.8363487,5
5.187224,-2.7826042,1
-0.437792,17.108555,6
-6.996961,-14.3497505,2
17.084562,10.706831,4
-10.052327,-5.051349,5
-11.358381,5.7816877,7
-17.987888,0.2985452,5
-5.470199,-0.3574466,0
4.6154456,13.34477,6
-22.278101,3.8270214,5
-0.79165065,10.819907,0
7.7048783,-7.395894,1
14.664724,25.648252,6
11.35558,-1.3225406,1
-13.660821,15.347973,7
4.9054,-17.583782,3
-9.635065,12.650214,7
-11.664093,3.5721233,5
-0.019960336,-17.480942,3
1.6428475,-1.4453602,0
8.233297,-5.760344,1
-18.768423,-5.8496413,5
7.3954954,11.765077,4
-11.999673,-9.103782,2
-9.533984,7.0835714,7
7.320764,-18.272085,3
4.2958655,8.745466,0
-17.142954,-4.5177135,5
-11.6795025,-4.544272,5
4.916081,24.858751,6
-18.011261,4.292529,5
-5.010752,-4.0995064,2
-3.7444482,6.8045154,0
1.4769214,-13.357566,3
10.687522,4.270351,4
9.092354,8.508956,4
-9.937277,-4.3819337,5
9.323719,2.4904115,1
9.136507,1.4622433,1
4.6640687,-10.93481,3
4.057619,-10.986617,3
8.623929,-4.1039715,1
-1.9874514,12.271933,0
9.155222,-15.972831,3
11.578808,3.9178731,4
-6.673217,-12.582465,2
-4.151455,-5.2526956,2
1.7625215,-4.2656755,3
-16.664774,-11.204706,2
-3.4414625,-18.296522,3
-15.950804,3.3793726,5
12.487728,9.6204405,4
-4.8792176,3.441293,0
-14.463587,-5.147582,5
14.4999275,7.232193,4
0.5518122,-9.505798,3
4.8000517,6.1836443,0
11.534122,13.7788105,4
-17.571457,-3.7774954,5
-5.4119954,6.892699,0
21.98573,12.767074,4
-17.419977,10.3658285,7
-13.461926,-12.368895,2
-19.616383,-1.6532618,5
5.8976984,3.075902,0
-12.573259,-14.402255,2
-5.609783,-1.4000417,5
1.0236957,9.0048895,0
-8.829608,6.621108,7
3.210499,30.79406,6
-3.9134893,6.1470227,0
5.7958727,-17.783213,3
9.428994,-12.789456,3
-2.58815,11.712228,0
-0.1257042,12.160767,0
7.640494,-13.118089,3
1.1483167,13.597144,6
-17.25009,2.1540852,5
-14.404952,-2.8734732,5
25.57055,7.5064983,4
-17.324955,-4.1044073,5
5.85328,-6.7782197,3
12.886728,8.369344,4
-16.77115,2.137916,5
7.4981947,-6.4047976,1
9.326555,-4.1002927,1
7.94763,-14.89295,3
-17.218187,-7.123994,5
-7.7363305,7.640536,7
-12.324849,0.5624109,5
5.4771495,-0.957611,0
10.406098,-8.549454,1
12.718757,-3.4908721,1
12.776471,-7.917612,1
-3.6160738,-7.1869583,2
6.2377014,0.9104767,0
1.124038,17.543993,6
-3.757955,-8.030023,2
4.674753,-3.16572,1
-14.445335,24.083645,7
-15.891247,-9.139723,2
4.913926,-15.421306,3
-0.7086993,-16.964447,3
-14.766052,-8.542446,2
8.351967,16.7932,6
-15.022347,1.0636902,5
-19.220102,-6.959125,5
-16.339563,9.958842,7
-14.776469,-5.7385592,5
4.831318,4.842458,0
9.267741,18.98656,6
6.3412,7.5765142,0
-0.4319492,-10.956176,3
-9.077447,6.222286,7
-12.136965,-11.260029,2
11.373217,-9.716817,1
15.815107,0.2658338,1
-1.3280555,21.390472,6
20.94364,14.353552,4
2.8843117,5.3966465,0
-18.682081,-4.3940773,5
11.615914,-5.246381,1
-10.776033,3.3852234,5
-12.214243,-3.736632,5
-5.882325,22.167692,6
17.454319,11.277623,4
-11.34703,-5.5265813,5
1.4250867,-8.188337,3
-2.7663233,-4.3974967,3
12.1754055,-0.47293597,1
1.9896,-12.734138,3
-17.193699,-2.386762,5
-16.17856,12.579674,7
-10.84882,-5.090704,5
-9.311537,-1.7439235,5
5.2483807,21.876396,6
-15.320148,18.633781,7
-11.814805,16.019094,7
4.4880695,-12.0662985,3
0.022439973,-9.189098,3
-12.287711,12.131719,7
5.918267,0.94856495,0
0.044403944,-15.241683,3
11.608394,6.877013,4
-15.155175,1.5712332,5
-4.7057967,8.698208,0
-12.290873,-5.4473176,5
-17.952124,15.327721,7
0.009710083,8.8698635,0
-6.004758,6.101588,0
-2.448444,17.867153,6
-15.560657,1.4066066,5
-12.03237,-4.6950483,5
-3.8390067,11.607638,0
-8.927457,-17.769146,2
11.979742,-7.0100346,1
11.778713,-2.8457756,1
17.318026,-19.726353,1
18.089523,2.0797195,1
1.496736,-17.694832,3
0.3800761,23.157726,6
11.005503,-4.7982216,1
-12.269847,-12.687771,2
1.0454429,-2.556977,0
9.110597,-7.1774473,1
11.59805,2.6998262,1
18.258595,16.55399,4
2.212713,-13.966076,3
-0.29122314,-17.925016,3
4.959884,2.24033,0
0.82716,-6.9329963,3
14.427087,1.3256192,1
4.539151,-3.657975,1
-15.448448,-2.1433656,5
-5.636334,-5.077458,2
-0.97997606,29.721502,6
15.889264,-4.9130692,1
3.488844,-11.401849,3
6.005493,-5.3626876,1
13.567775,-11.292584,1
5.698349,-4.6476374,1
10.888638,-2.018975,1
7.4601407,-3.4576633,1
-4.315183,-9.251261,2
13.886566,-1.4022576,1
10.326543,4.95323,4
12.085676,-5.8621755,1
-12.365087,-4.7503705,5
-23.012974,13.172717,7
6.187896,-8.574787,3
10.731135,-1.9340017,1
8.774497,-10.135438,3
-16.52008,-6.4307694,5
7.0168757,-8.635246,3
-12.812232,3.3529541,5
-0.56811947,15.801655,6
7.3353357,-7.1575146,1
-10.677379,30.974476,6
2.933999,-12.972571,3
3.0600626,-0.42950514,0
-14.331356,-0.14802997,5
7.2748775,13.035998,4
-13.026237,-2.4389024,5
-17.682602,-13.879782,2
5.398104,0.16603442,0
-9.088724,5.0985093,7
2.6168277,-0.7359202,0
-19.2724,1.8266733,5
11.218634,27.686539,6
12.492123,4.4775167,4
-6.946539,27.39613,6
2.2641866,16.698742,6
3.0220618,-4.4089413,3
8.272111,1.7573887,0
-8.719496,8.546251,7
-13.27831,9.442856,7
-23.230759,0.52158123,5
-20.497013,-4.555827,5
-25.323889,13.403717,7
12.1189,-7.801305,1
-6.8372116,5.0640726,0
-20.845531,-12.8769865,2
7.7946396,-1.182433,1
-12.176183,-5.0577884,5
9.525491,-2.1774516,1
-16.312946,-3.8851056,5
-7.9152026,-22.394238,2
-3.3008404,-18.057787,3
0.7253236,14.035533,6
1.3725208,-10.893428,3
9.746986,-6.3233976,1
-7.110441,7.1870646,7
-3.1877043,5.860764,0
11.394065,-8.933989,1
-0.9544921,-14.244688,3
-19.470364,2.4598393,5
8.265936,6.0223274,4
13.31244,5.9017067,4
7.1646314,-11.637929,3
-15.851847,-5.267634,5
14.160262,-2.8816082,1
0.906053,-4.326505,3
4.571099,-12.4494705,3
-9.580945,0.28325835,5
-0.46388373,6.688989,0
5.4993415,-6.2313046,3
12.336025,-7.166848,1
-9.975904,-16.810843,2
6.9804564,-16.674976,3
-15.405313,-4.5118318,5
15.410415,-10.932198,1
1.8028363,-19.650581,3
-9.245077,-9.030696,2
-1.1778252,3.9469774,0
8.639363,-5.986645,1
3.7728174,-8.75214,3
-0.85417515,3.9281678,0
16.920635,5.8391104,4
-1.873091,6.795128,0
10.497221,-3.6149926,1
-1.5580164,-3.7258077,0
20.016933,6.9799304,4
18.218088,-3.7465177,1
11.291582,4.645143,4
1.649682,8.636939,0
-13.450911,-7.1745276,2
16.630865,-1.7567564,1
-1.3740894,-14.838431,3
-0.7299868,17.404762,6
-30.462482,16.827211,7
13.858349,-5.202872,1
-16.267967,-5.5529013,5
-5.6715655,1.184521,0
-6.545886,14.154032,7
-13.538569,-16.022207,2
6.560818,3.7982461,0
-15.007555,6.5733447,7
-16.399076,0.38963002,5
5.545121,3.3067825,0
2.5867593,-10.8776045,3
1.8256402,-19.319931,3
-11.314925,-7.746115,2
-6.4590745,15.364506,6
7.303306,9.813988,4
5.013969,-16.119894,3
10.109938,-3.942435,1
-16.85805,-8.387368,2
16.132862,20.991646,4
-14.433971,8.887721,7
-13.757581,3.7923558,5
-0.9958895,17.29621,6
6.796716,-4.378924,1
13.911065,-12.258449,1
-11.669565,-11.248344,2
14.373012,-5.1384306,1
13.430141,-16.080227,1
-12.12646,-6.0112576,5
4.5531206,7.8042297,0
0.63394624,-10.18813,3
16.634693,-15.257901,1
14.848633,-10.171877,1
-1.1932327,3.0948384,0
-7.7624755,-14.6727085,2
-1.7152379,-1.8254033,0
-11.101425,-12.138039,2
8.916357,-12.730489,3
7.732201,2.8970509,0
10.847979,-4.4996753,1
-8.630071,7.696412,7
0.22252002,-9.254034,3
7.691439,4.1855907,0
-16.3561,3.4742544,5
-7.775029,-7.8717685,2
11.64407,-8.029843,1
-6.497145,13.895364,7
-11.185007,-0.61275667,5
8.268766,-4.3920054,1
-11.938406,-3.278569,5
8.651024,-8.707282,1
-14.427143,-7.7582073,2
5.543176,-6.2024326,3
5.122646,6.113994,0
-2.5036771,-2.335267,0
10.088191,-7.409623,1
12.801219,14.278139,4
7.541986,25.078928,6
7.4270344,0.4453746,1
-20.47143,2.4468708,5
-4.259851,-17.062315,2
6.8807178,-1.8110431,1
3.1001732,-6.5349364,3
5.8652067,-2.977444,1
-1.5127392,-17.96979,3
7.787438,-12.663665,3
-20.671059,12.791932,7
-24.95305,11.2089405,7
10.635857,16.175318,4
-17.781622,9.334899,7
13.126607,8.094362,4
-18.030277,4.1357493,5
-14.794981,-7.977465,2
9.320813,-10.754342,1
9.724211,-10.053265,1
4.0226746,-6.517318,3
0.9668104,-6.6832,3
-6.100817,-0.97149205,5
5.983526,-12.850542,3
13.126098,-2.2291236,1
-3.2188587,-17.187902,3
17.357025,-3.520836,1
6.0369477,16.821434,6
3.8945403,7.646484,0
-16.066427,-1.7992959,5
-11.53913,9.818206,7
-5.4714117,3.7893655,0
-7.505193,-15.831611,2
11.89945,11.147143,4
12.35673,-3.1745512,1
-2.8119316,7.6968136,0
-7.4405885,8.614872,7
7.3972783,12.572246,4
-13.613543,-11.832738,2
5.8701177,-13.982928,3
-5.8915353,-2.5560782,5
-16.459541,11.577645,7
-15.571556,-3.2011685,5
13.8440695,-9.167873,1
-9.056867,-8.310901,2
-5.2613535,-17.308971,2
7.217095,-4.035461,1
9.083654,-15.053615,3
0.4284237,-15.420442,3
4.6666217,-14.314749,3
-1.4147245,-9.880436,3
8.964721,10.890306,4
-8.8062,-10.1312065,2
-10.537934,-4.9359765,5
-5.722607,-15.632327,2
13.702028,19.422077,4
13.682936,1.3711941,1
0.7901774,13.240748,6
8.959815,6.0813556,4
-0.73567337,27.127539,6
15.581561,-6.7723374,1
-11.837797,2.8907235,5
9.650087,14.525663,4
-17.552088,1.2799143,5
-16.438807,-5.0741725,5
16.226019,-6.7660403,1
-9.438854,10.608772,7
-12.656612,-0.6434592,5
9.8133745,18.080181,4
14.578952,18.819387,4
-11.759334,-0.7486518,5
10.058105,-0.4277432,1
-12.079065,-8.818598,2
4.881706,-14.2482395,3
-23.858702,-3.1650763,5
5.5717397,1.1904018,0
12.993644,4.25826,4
-10.389203,-6.075967,2
1.8467215,-10.213552,3
1.675069,-10.279378,3
-12.257986,-0.45098075,5
-15.944818,-4.5467277,5
4.9887238,-12.708483,3
7.0067115,18.03591,6
15.600023,6.8167224,4
-4.872226,-3.9428935,2
-0.6126187,16.853113,6
-2.4963813,8.479147,0
5.573824,-13.896512,3
-11.601816,1.2757461,5
-11.4312725,-11.46482,2
-2.085984,-24.193485,3
21.080563,20.837603,4
3.0889726,-15.280625,3
-9.177018,-19.30713,2
-16.22734,-1.3817848,5
-16.484854,-10.365852,2
12.321903,-17.141794,3
-16.712803,-2.4469872,5
-12.96398,-11.053333,2
-19.383457,7.7456675,7
-21.459063,5.756087,7
8.422206,-13.578777,3
5.132044,9.428039,0
-15.72265,-1.0998263,5
14.404043,6.8591285,4
16.89656,8.791834,4
-8.390677,-5.530711,2
2.6140869,19.542412,6
-10.37839,-3.567361,5
11.870023,20.371647,4
12.409036,-4.223879,1
12.260739,-11.665811,1
5.9263563,3.5788834,0
1.5043178,12.317793,0
-15.713887,-3.3815844,5
-3.1860788,15.2153015,6
9.580345,9.862179,4
8.135983,13.762848,4
-18.554502,-0.5784547,5
-9.860774,12.664684,7
-11.217908,-11.049109,2
0.40249383,19.991745,6
19.002914,-3.3396957,1
15.751029,-13.050414,1
-5.114579,4.9301925,0
8.38116,-10.728771,3
11.204954,0.82287717,1
-20.919191,1.3055502,5
11.847481,-15.814944,3
-22.520159,0.9260443,5
0.7225039,27.18185,6
8.869752,0.5783317,1
-13.4534645,18.046251,7
3.6056223,9.853288,0
4.981516,9.268947,0
10.861996,-11.1673155,1
-1.2373123,-11.419693,3
-2.7572527,12.343763,0
8.323214,-7.071817,1
-16.392828,-15.597706,2
-0.99505836,-16.841778,3
-7.476085,0.9460415,5
-14.203509,6.9213357,7
-8.345182,-6.5650535,2
-4.8227906,0.19221112,0
-9.110387,-13.015974,2
-14.543143,1.7495846,5
-2.257651,-14.641202,3
11.011192,-6.226902,1
-6.6847916,-8.909774,2
-7.8433824,-0.98665744,5
3.8383198,-14.109567,3
-22.479458,3.719533,5
7.296049,-17.939812,3
-18.926104,-1.6101348,5
-16.719063,14.543984,7
10.621647,-12.426656,1
14.976895,-2.6810045,1
5.1014743,20.790972,6
5.999825,9.530773,0
13.5461855,7.677261,4
7.8774524,-12.828166,3
18.648905,17.475948,4
-7.7146196,-4.603827,2
-6.031477,5.7522683,0
21.51675,20.041155,4
3.6230178,-5.6036773,3
7.5447526,-9.163187,3
-5.563465,10.719208,7
3.7485988,-17.304878,3
-0.23251285,20.486193,6
-1.2750412,-17.300446,3
9.603724,7.6263895,4
2.0494883,-21.076443,3
-3.0683146,-18.040735,3
-13.807199,15.211821,7
1.9659034,-14.67047,3
2.5806441,17.744999,6
6.8939624,-3.9088197,1
3.8915544,-9.99989,3
-16.796553,3.01413,5
7.158904,-0.73009306,1
-6.004947,5.9954996,0
11.707142,14.242473,4
4.9427013,1.8037794,0
5.9718695,-4.367609,1
-14.141207,7.8128424,7
-14.571937,4.3274393,5
0.08468691,6.9663506,0
-9.929772,3.575489,5
-10.188071,2.7950444,5
-10.29821,17.230894,7
-2.0447037,-5.5887837,3
-11.630521,6.649515,7
1.147075,-3.8367403,0
-8.392879,-2.1532695,5
-11.135091,21.123306,7
-8.682341,-3.4880967,5
-16.169487,-10.695193,2
-12.750368,20.704687,7
-3.8781824,-10.338989,2
3.3107388,-14.092694,3
-9.744517,0.47131786,5
8.740803,9.321889,4
-16.14506,-8.646728,2
12.468932,-1.1856685,1
-14.458889,1.4170651,5
-12.532575,0.46573868,5
-14.702783,3.5891855,5
9.17259,0.7735705,1
5.2544155,7.362819,0
-10.299738,-2.626304,5
18.110321,-8.651462,1
0.034058426,5.5123816,0
-9.285134,-8.355282,2
8.635206,-7.74145,1
-7.204815,7.9414244,7
-8.83993,-5.791631,2
-8.05837,-2.2202926,5
-3.777434,-0.31667906,0
14.041273,-0.97746724,1
8.032196,0.7100157,1
-17.327974,-0.010073176,5
-11.078171,-3.8419802,5
25.437029,-1.794019,1
-9.755785,12.249289,7
11.452829,-8.0208,1
-7.7373557,-4.858859,2
-10.819846,-3.0676172,5
3.2357533,-1.2369092,0
-15.542681,-11.084448,2
0.18576851,-12.9988785,3
-3.6399398,21.844408,6
-7.534207,-16.846468,2
14.378628,-3.9356072,1
2.4167378,8.903691,0
14.193732,5.217687,4
14.762367,-13.427395,1
11.463678,-9.075913,1
-12.707568,-9.313611,2
13.078508,2.1298509,1
2.4101913,-2.4882028,0
10.812158,-17.709026,3
-18.321268,-4.8583355,5
6.4133725,-6.955941,3
-3.8614023,-0.6525188,0
8.391822,-0.219586,1
-16.448315,-6.4418693,5
3.368257,12.821522,6
20.452263,-1.6843096,1
5.027855,-7.8044825,3
-14.953081,-7.6619453,2
0.28764626,-0.3103291,0
8.961236,-0.19214135,1
3.0932026,-5.4056873,3
0.32282153,-9.029379,3
11.499754,0.8705424,1
16.750704,-6.2049046,1
6.302658,-7.1208377,3
-0.9075269,-11.366276,3
-13.491846,5.226071,7
8.68903,14.934651,4
9.960586,13.360572,4
0.6203578,-14.946453,3
-2.1416702,19.721987,6
-17.228062,-4.8168454,5
9.549692,-6.9376082,1
8.986355,17.248074,4
6.5320516,3.2586253,0
10.209453,11.04568,4
-4.0425305,28.843185,6
-9.082191,-8.628779,2
0.78779835,-12.871096,3
10.889915,-5.9140673,1
-4.000068,-9.325453,2
-11.63683,-9.460201,2
-12.382502,12.62121,7
5.533948,-8.816122,3
1.8357357,9.854023,0
-14.185668,-7.4409213,2
4.8228817,4.238284,0
-9.408789,-2.1083417,5
-11.555717,-3.8146431,5
-11.857228,-3.128286,5
6.1107936,3.4335217,0
-20.608984,2.2621481,5
-5.8944397,1.3772458,0
16.32263,-16.385252,1
3.22115,12.661582,6
18.24065,-6.947998,1
-12.155483,6.093245,7
9.254533,-2.4011266,1
8.245889,-2.170174,1
11.498973,-5.9801407,1
-6.0122952,7.1543765,0
5.5189967,-7.318842,3
13.442287,5.722487,4
-8.875663,-4.8341947,2
-2.0705092,-7.6110177,3
-13.630348,9.74469,7
-17.004345,5.8534875,7
-0.32533702,-9.239291,3
-12.487387,6.424695,7
5.686593,-14.33489,3
2.0139217,-8.266391,3
-4.46279,15.8068285,6
9.71488,-10.218246,1
10.122964,1.9485172,1
-13.384056,-6.4086475,5
-16.358318,8.53238,7
2.9175267,11.529956,0
3.7084162,-7.7506056,3
-5.461925,-3.8644292,2
-0.16840138,17.226242,6
11.670276,5.021777,4
18.52954,5.124022,4
-19.451586,5.727906,7
7.194129,0.8107116,0
1.5370792,-0.5212574,0
-3.6013882,-16.637371,3
-17.016645,2.1426578,5
-3.0407152,13.277726,6
-11.671036,-19.943752,2
-6.4645004,-8.407683,2
14.343582,-8.477018,1
20.768309,-7.305296,1
0.21305336,0.14934838,0
-11.366833,-1.3546301,5
-0.06879829,-11.875022,3
-9.586044,9.746042,7
5.1544347,-11.201539,3
-0.8851643,-13.302814,3
-2.5093515,28.537445,6
8.741652,12.660699,4
-17.975048,-1.4809523,5
25.419113,9.321823,4
-14.543901,-7.264346,2
3.4618862,4.5624146,0
-14.576201,-1.1214156,5
-21.555588,7.729815,7
16.400003,2.6250246,4
-16.882082,0.05922817,5
9.865124,19.10725,6
0.3793303,-5.1660137,3
-9.773518,-12.618435,2
-4.450033,16.51671,6
-17.837288,-0.15420966,5
4.915856,3.9174426,0
7.361757,-13.449599,3
16.665157,1.9712456,1
16.060795,-2.2875915,1
11.042583,-7.236561,1
-11.743655,2.4452436,5
-7.3990073,12.619567,7
6.657818,-14.216713,3
8.329951,-14.996632,3
12.62256,22.773373,6
-15.1553955,7.3896413,7
5.441384,3.979071,0
0.052549094,15.211982,6
0.34553075,-7.0581245,3
-18.151224,7.213532,7
3.6449816,-2.697263,0
-3.9938602,-2.2734356,0
19.450497,-4.924315,1
-18.597822,1.3361024,5
-2.4073236,2.818773,0
-19.85169,0.84448093,5
-10.91235,3.9130378,5
-13.522534,-4.959389,5
-16.065819,0.7166218,5
0.6435196,-13.8281,3
-12.450889,-9.271261,2
-22.904991,4.0619826,5
4.380398,-17.334114,3
0.07754031,-7.7971063,3
9.216146,-10.787335,3
3.1892436,-8.561208,3
-12.996498,-9.87511,2
10.147219,-9.345358,1
-0.16510889,-7.184222,3
18.606564,-13.987222,1
-7.480517,-2.5066814,5
-11.814446,6.6177664,7
3.9200423,16.13545,6
-5.4199624,-1.8936727,5
-6.5420403,-9.307326,2
12.256672,4.178059,4
9.112392,-8.169538,1
-16.942268,0.08665214,5
-17.376339,-4.080316,5
-21.61024,4.6020384,7
-1.2262609,11.726807,0
-9.384911,-12.171856,2
10.785009,-5.0842385,1
7.5305552,-11.682101,3
8.711976,-11.728294,3
5.48331,5.7397184,0
-6.790339,-16.697466,2
-5.986327,17.55834,6
4.327563,-13.26002,3
-15.304495,-4.324973,5
4.086586,-15.8504,3
7.3919477,-10.567237,3
-7.5984087,-1.4958905,5
2.4863374,-13.355453,3
-14.6906805,-7.4387364,2
-0.7911793,-15.665554,3
2.6998882,2.356039,0
-13.129157,3.907487,5
-17.70464,14.382784,7
13.697019,14.304959,4
-14.745891,-17.82449,2
1.4991888,1.6003008,0
7.631649,6.0017486,0
8.496261,17.158222,6
2.075345,-11.199657,3
9.548702,-4.7261004,1
13.6184225,-3.4936597,1
6.7647405,-8.5026655,3
1.0892512,-11.601495,3
-5.103877,3.7017744,0
-9.076707,-7.478129,2
-9.540744,-3.6785998,5
15.635431,17.83451,4
6.366501,-2.1759593,1
3.404641,-13.87845,3
-6.2303057,-2.3987923,5
4.6994786,-16.628878,3
13.014574,-8.984746,1
30.820639,4.542961,4
1.1324611,-19.131329,3
-3.7216961,11.438651,0
-4.3924775,11.450238,0
5.5712824,9.558811,0
-10.617708,2.445609,5
6.5022645,-3.8598926,1
-10.0764475,-4.2923746,5
-5.27738,-3.9021454,2
-1.4008893,1.2163981,0
0.56630695,-16.44536,3
-16.22719,6.7925787,7
-18.051561,-4.5253057,5
-15.367949,-14.7884865,2
5.724473,-3.2523222,1
-20.417116,10.249199,7
-17.658117,10.058957,7
-0.9038121,-2.8680878,0
6.7489247,6.985498,0
2.0662,2.2598765,0
15.206029,-4.519772,1
6.5962524,-6.9094963,1
2.2273145,15.60298,6
-0.5605287,9.012427,0
18.53844,-9.878963,1
-12.61772,16.677456,7
-2.5880284,17.709478,6
4.096143,-15.482184,3
-14.188753,-0.039325602,5
11.87486,-4.293704,1
20.273031,-7.2124953,1
5.2476525,11.322043,0
-4.2872047,-7.969469,2
0.39190677,2.0488498,0
5.8737497,-16.408068,3
-2.2749398,-16.455309,3
7.8793907,-12.689487,3
-4.7384877,12.004004,0
-15.798103,-5.481854,5
-19.151394,10.310582,7
-2.165663,10.413013,0
-6.119377,-15.885976,2
-13.799919,8.9916,7
16.818327,-5.70172,1
-16.41857,-2.908903,5
4.4094377,-17.52124,3
-1.9793806,-13.245692,3
2.1989202,-16.990887,3
-0.08546199,-14.66161,3
2.1265738,-11.889425,3
-7.665688,-22.147808,2
5.0840464,-1.158254,0
-14.793215,5.6977715,7
-14.889174,-7.394556,2
-3.2931695,-12.931919,3
-8.764067,11.578312,7
-5.6857195,19.183578,6
22.534895,-4.0891795,1
-10.421145,7.169586,7
-18.76375,1.0537298,5
7.5491657,3.7947612,0
11.05336,10.114931,4
3.5967922,5.288796,0
10.591316,26.973675,6
-17.412437,6.198262,7
-9.832395,0.10666003,5
14.690055,-15.648885,1
-14.222402,11.045125,7
-13.342871,16.617443,7
14.757328,3.9632628,4
8.502918,-10.643819,3
-0.33817235,-8.510982,3
-18.865417,-6.966082,5
-12.316624,-8.628226,2
12.381862,-6.9319906,1
-18.11183,8.691653,7
-4.4419475,-1.6419067,0
-6.315473,10.06329,7
20.347837,1.582651,1
2.6040335,13.42987,6
15.914376,-7.443246,1
-1.7394255,9.267189,0
-4.878182,6.9784217,0
1.8372042,-5.199043,3
-11.917745,5.3478036,7
-8.389302,15.476944,7
10.012327,-0.9324283,1
-19.153214,-3.1863093,5
5.1625447,-10.925078,3
10.783639,-2.4556782,1
3.5561604,-12.394896,3
25.36804,4.686072,4
1.2871734,25.856524,6
2.0757968,-15.64772,3
-17.293259,12.425482,7
16.262606,22.943796,4
-14.82718,-4.5062313,5
11.746758,-12.728124,1
4.0974464,-13.72837,3
-12.096201,4.2054543,5
4.2387486,-15.401745,3
10.837039,-9.670126,1
-1.6419185,-9.593582,3
3.1573186,-11.85107,3
-4.636969,-5.0187964,2
-6.075611,-5.5128303,2
4.819536,10.946461,0
3.7939878,-1.9399924,0
8.372961,-2.5143526,1
11.297221,16.425146,4
13.476063,0.4553012,1
12.174591,-11.081572,1
7.0154347,-6.094059,1
16.118067,20.47585,4
12.295037,-9.18354,1
1.1512042,16.505709,6
-22.627172,-2.8944194,5
14.601944,6.7595787,4
-18.707174,3.797923,5
-7.401535,-11.751442,2
-17.801397,-1.2040436,5
15.205808,-0.9199462,1
-3.8536088,2.9975483,0
12.338017,3.1349459,4
-10.893128,6.7822647,7
12.082549,-7.6297874,1
-5.9516234,-1.986372,5
-2.9382386,11.417346,0
-17.13516,0.60022086,5
-0.14776494,-9.988942,3
-0.86480016,-7.741193,3
-12.218752,15.598093,7
11.368643,-1.2012644,1
5.803415,2.8093615,0
-15.705504,-4.477699,5
4.7791104,-12.664341,3
-5.236019,2.2792244,0
7.052735,2.7292347,0
-9.620105,12.078884,7
-1.6970633,-17.23257,3
-8.297974,-2.21961,5
-14.862386,-5.837531,5
11.318441,-6.8810964,1
10.036568,-9.106794,1
5.670474,5.973912,0
23.146767,-3.2902186,1
3.8980613,-11.918561,3
13.5222025,12.641648,4
-15.592179,10.904185,7
5.260199,4.5843325,0
6.502798,21.47086,6
5.875236,-3.5617104,1
6.3831463,-2.8368883,1
8.033796,-8.497586,1
10.543155,4.1643147,4
5.8551784,-5.9099674,1
-9.320954,14.233951,7
-5.6950126,10.114475,0
8.000597,3.779435,0
-14.474507,6.3744125,7
2.58592,-13.318469,3
1.7794993,12.454925,6
14.53602,14.6336355,4
-2.0395176,18.352613,6
6.98537,-18.95149,3
-14.297433,-13.183665,2
-3.738194,4.1188035,0
0.65763867,-7.1196194,3
-0.987635,-13.599677,3
12.581102,-6.8336787,1
11.418581,-5.640567,1
16.895071,20.841911,4
5.731047,-4.9265103,1
12.940044,-1.8768344,1
10.317774,-4.0732965,1
1.6604695,-10.886937,3
-14.544069,-5.741212,5
-0.6919328,-5.582379,3
14.944579,-15.650816,1
7.6141334,-8.906352,3
10.129972,6.602941,4
-22.345482,10.686594,7
10.044139,-11.061461,1
1.1324543,-15.556519,3
-14.445931,-1.5712329,5
-3.690966,-9.147389,2
-7.6230125,9.837221,7
-9.328913,-0.40634435,5
10.629088,-7.7742248,1
-0.7182951,19.728472,6
-0.8930086,24.910168,6
2.349575,-2.9844255,0
13.697581,7.832828,4
15.901896,-7.698551,1
8.971182,2.7156231,0
-10.820347,5.6243916,7
11.703988,-0.17140414,1
6.706019,3.6822839,0
-9.261389,-6.739825,2
8.9264965,-13.828759,3
-14.787887,-4.5352316,5
11.293443,-7.344034,1
-15.733787,-3.109264,5
-11.173753,-12.594639,2
10.218823,-3.203079,1
11.175049,23.589672,6
14.862377,7.5748725,4
8.709487,-17.53676,3
4.43549,-13.702862,3
17.708569,-2.9726748,1
17.017376,17.14757,4
19.921206,6.481165,4
3.3251002,-6.18265,3
11.808711,-5.1205955,1
3.869867,11.410183,0
5.536073,1.4786415,0
-1.1990154,-12.589827,3
-8.815239,12.268181,7
-6.024481,21.856981,6
-7.962177,5.600988,7
-4.0770574,7.703418,0
11.917847,-1.7447267,1
-1.3160728,-14.263438,3
5.959681,0.8609713,0
-1.628143,-7.2544746,3
6.353131,-3.8947215,1
-1.5664549,4.328195,0
-20.720034,13.812535,7
4.2448945,16.3696,6
4.3600926,15.738916,6
14.439163,-12.247634,1
-1.4364737,14.079332,6
2.241954,-14.834285,3
-2.0402956,-11.923357,3
18.34555,-4.16191,1
10.018097,-0.8977648,1
6.7162776,-3.7283156,1
24.099281,17.29281,4
-18.450094,5.651951,7
8.257939,-6.896372,1
10.373101,-3.2570677,1
-15.647326,-1.0140117,5
8.408723,3.0814695,0
13.555694,-1.7603816,1
10.045667,9.72757,4
-3.3236208,-1.17349,0
1.0227822,27.068977,6
11.798071,-6.448768,1
-16.977518,-1.7012702,5
-6.8056483,-24.102207,2
5.6128807,6.726968,0
-2.9386756,-8.573285,3
-15.678569,-3.7664106,5
1.134911,25.00528,6
10.471709,15.544211,4
-4.705469,-10.345495,2
-0.35354355,-1.3799671,0
-13.38353,3.2900925,5
21.34811,0.7756718,1
3.94133,2.744389,0
-4.446898,3.3979979,0
16.657675,15.303347,4
22.159302,23.042084,4
3.4479294,2.82207,0
7.570808,22.62855,6
8.268817,-3.6535664,1
-11.673427,16.359999,7
10.230143,-5.508812,1
0.913948,-7.0807347,3
10.114638,-7.505206,1
-1.5208338,12.094791,0
19.654064,21.537243,4
-15.287073,-12.47015,2
-5.1569805,-5.4276075,2
7.8368373,-7.151558,1
-16.851112,0.33511683,5
-5.43153,9.193506,0
5.224527,-6.3594813,3
-10.526557,-3.5548344,5
8.694008,-9.13168,1
-15.434938,-5.210159,5
-11.307549,11.308091,7
-16.055954,-18.09202,2
12.157902,-11.218026,1
-2.909797,-15.111481,3
11.141929,1.746634,1
-2.0916328,14.422561,6
1.2932298,-10.732087,3
12.872082,6.6287537,4
6.750992,-8.188114,3
-1.0409929,11.066706,0
-4.5762353,-1.214327,0
-10.473909,11.928846,7
12.789791,14.109111,4
-2.605457,-15.755673,3
-6.916229,-10.795454,2
-20.642138,8.073604,7
-18.374376,-5.120252,5
-0.78536403,-16.08899,3
2.2817113,10.104417,0
-4.2318263,-21.639847,2
2.6923835,-11.176694,3
-14.981686,-8.21318,2
-13.398281,12.533447,7
24.271677,4.175852,4
8.291885,-7.2931647,1
6.0132146,-9.817637,3
